{
  "balanced_accuracy": 0.8805237315875614,
  "accuracy": 0.8904109589041096,
  "roc_auc": 0.9461947626841243,
  "confusion_matrix": [
    [
      44,
      8
    ],
    [
      8,
      86
    ]
  ],
  "classification_report": {
    "0": {
      "precision": 0.8461538461538461,
      "recall": 0.8461538461538461,
      "f1-score": 0.8461538461538461,
      "support": 52.0
    },
    "1": {
      "precision": 0.9148936170212766,
      "recall": 0.9148936170212766,
      "f1-score": 0.9148936170212766,
      "support": 94.0
    },
    "accuracy": 0.8904109589041096,
    "macro avg": {
      "precision": 0.8805237315875614,
      "recall": 0.8805237315875614,
      "f1-score": 0.8805237315875614,
      "support": 146.0
    },
    "weighted avg": {
      "precision": 0.8904109589041096,
      "recall": 0.8904109589041096,
      "f1-score": 0.8904109589041096,
      "support": 146.0
    }
  },
  "n_samples": 146,
  "class_to_idx": {
    "glaucoma": 0,
    "normal": 1
  },
  "predictions_csv": "predictions.csv"
}