{
  "split": "Train",
  "balanced_accuracy": 0.995433789954338,
  "accuracy": 0.9941002949852508,
  "roc_auc": 0.0001141552511415526,
  "confusion_matrix": [
    [
      120,
      0
    ],
    [
      2,
      217
    ]
  ],
  "classification_report": {
    "0": {
      "precision": 0.9836065573770492,
      "recall": 1.0,
      "f1-score": 0.9917355371900827,
      "support": 120.0
    },
    "1": {
      "precision": 1.0,
      "recall": 0.9908675799086758,
      "f1-score": 0.9954128440366973,
      "support": 219.0
    },
    "accuracy": 0.9941002949852508,
    "macro avg": {
      "precision": 0.9918032786885246,
      "recall": 0.995433789954338,
      "f1-score": 0.9935741906133899,
      "support": 339.0
    },
    "weighted avg": {
      "precision": 0.9941970114609024,
      "recall": 0.9941002949852508,
      "f1-score": 0.9941111424980726,
      "support": 339.0
    }
  },
  "n_samples": 339,
  "class_to_idx": {
    "glaucoma": 0,
    "normal": 1
  },
  "predictions_csv": "Predictions\\train_predictions.csv"
}